g,Level (eV)
5,0.00000000
3,0.01962240
1,0.02814160
5,1.96736420
1,4.18974630
5,9.14609110
3,9.52136380
3,10.74022500
5,10.74047560
7,10.74093140
3,10.98879230
5,10.98886160
1,10.98888110
5,11.83760560
3,11.93038560
9,12.07861870
7,12.07862940
5,12.07864460
3,12.07865740
1,12.07866350
3,12.08701840
5,12.08702710
7,12.08703820
3,12.28596220
5,12.28604560
7,12.28619390
3,12.35886490
5,12.35887500
1,12.35890720
7,12.53919240
5,12.54069490
3,12.54167390
5,12.66085690
3,12.69746910
5,12.72846900
9,12.75369730
7,12.75370240
5,12.75370970
3,12.75371580
1,12.75371880
7,12.75901230
5,12.75902080
3,12.75902650
11,12.76643580
9,12.76643580
7,12.76643580
5,12.76643580
3,12.76643580
9,12.76644750
7,12.76644750
5,12.76644750
3,12.84795600
5,12.84800030
7,12.84806230
5,12.87823470
3,12.87824220
1,12.87826990
5,13.02073460
3,13.03882700
9,13.06611860
7,13.06612150
5,13.06612550
3,13.06612880
1,13.06613040
7,13.06905140
5,13.06905140
3,13.06905140
11,13.07309780
9,13.07309780
7,13.07309780
5,13.07309780
3,13.07309780
9,13.07310760
7,13.07310760
5,13.07310760
3,13.11609380
5,13.11611420
7,13.11614650
5,13.13141830
3,13.13141830
1,13.13141830
5,13.20994030
3,13.22017890
9,13.23549260
7,13.23549400
5,13.23549590
3,13.23549750
1,13.23549840
7,13.23727250
5,13.23727250
3,13.23727250
11,13.23967250
9,13.23967250
7,13.23967250
5,13.23967250
3,13.23967250
9,13.23967760
7,13.23967760
5,13.23967760
11,13.24001260
9,13.24001260
7,13.24001260
13,13.24001260
11,13.24001260
9,13.24001260
7,13.24001260
5,13.24001260
5,13.32161060
3,13.32795720
9,13.33741120
7,13.33741220
5,13.33741360
3,13.33741470
1,13.33741520
7,13.33856440
5,13.33856440
3,13.33856440
11,13.34009720
9,13.34009720
7,13.34009720
5,13.34009720
3,13.34009720
9,13.34009810
7,13.34009810
5,13.34009810
5,13.39294670
3,13.39723650
9,13.40344470
7,13.40344530
5,13.40344630
3,13.40344700
1,13.40344740
7,13.40443000
5,13.40443000
3,13.40443000
5,13.44137000
3,13.44439000
9,13.44859500
7,13.44859500
5,13.44859500
3,13.44859500
1,13.44859500
7,13.44940000
5,13.44940000
3,13.44940000
3,13.47776000
9,13.48099200
7,13.48099200
5,13.48099200
3,13.48099200
1,13.48099200
7,13.48156000
5,13.48156000
3,13.48156000
3,13.50264000
7,13.50525000
5,13.50525000
3,13.50525000
3,13.52122000
7,13.52337000
5,13.52337000
3,13.52337000
3,13.53557000
7,13.53738000
5,13.53738000
3,13.53738000
3,13.54725000
7,13.54877000
5,13.54877000
3,13.54937000
3,13.55656000
7,13.55754000
5,13.55754000
3,13.55754000
3,13.56417000
7,13.56505000
5,13.56505000
3,13.56505000
3,13.57065000
7,13.57101000
5,13.57101000
3,13.57101000
3,13.57539000
5,13.57602000
7,13.57615000
3,13.57615000
7,13.58039000
5,13.58039000
3,13.58039000
3,13.58040000
7,13.58389000
5,13.58389000
3,13.58389000
3,13.58399000
3,13.58730000
7,13.58734000
5,13.58734000
3,13.58734000
3,13.58997000
7,13.58997000
5,13.58997000
3,13.58997000
3,13.59239000
7,13.59239000
5,13.59239000
3,13.59239000
3,13.59458000
7,13.59458000
5,13.59458000
3,13.59458000
3,13.59628000
7,13.59628000
5,13.59628000
3,13.59628000
3,13.59778000
7,13.59778000
5,13.59778000
3,13.59778000
3,13.59936000
7,13.59936000
5,13.59936000
3,13.59936000
3,13.60056000
7,13.60056000
5,13.60056000
3,13.60056000
3,13.60174000
7,13.60174000
5,13.60174000
3,13.60174000
3,13.60277000
7,13.60277000
5,13.60277000
3,13.60277000
3,14.03556240
7,14.04676690
5,14.04677170
3,14.04720140
9,14.09879420
7,14.09965820
5,14.10037140
5,14.12315870
3,14.12445230
1,14.12521400
7,14.13373230
3,14.37201800
5,14.46041270
7,15.17811000
5,15.17978000
3,15.18075000
5,15.22496960
5,15.28685210
3,15.29413430
1,15.29808030
9,15.40052450
7,15.40119620
5,15.40182770
9,15.40362940
11,15.40381140
7,15.40539940
1,15.40411620
7,15.40468000
5,15.40599000
3,15.40677000
9,15.40612520
3,15.40800000
5,15.41361330
7,15.41455600
3,15.41574000
7,15.59417370
5,15.59509070
3,15.59572530
5,15.65509990
3,15.66419150
1,15.66958810
7,15.78103440
5,15.78174390
3,15.78215170
3,15.82878410
5,15.94373760
7,15.99133000
5,15.99275000
3,15.99374000
5,16.01036760
9,16.07664750
9,16.07825110
11,16.07833560
7,16.07994320
1,16.07858430
3,16.07860000
7,16.07980000
5,16.08044000
3,16.08112000
9,16.08069110
5,16.08460000
3,16.08529000
7,16.08534440
11,16.09041390
11,16.09065920
13,16.09066050
11,16.09312800
5,16.11422630
3,16.11538970
1,16.11603060
1,16.23485330
7,16.34787000
5,16.34924000
3,16.35055000
5,16.35800000
9,16.38955440
9,16.39046880
11,16.39051220
3,16.39110000
7,16.39113000
5,16.39242000
3,16.39296000
9,16.39290290
3,16.39475000
5,16.39510000
7,16.39600000
5,16.40449000
3,16.40512000
7,16.53575000
5,16.53686000
3,16.53828000
5,16.54210000
7,16.56017000
5,16.56017000
3,16.56017000
3,16.56040000
3,16.56155000
5,16.56270000
7,16.56320000
5,16.56702000
3,16.56757000
7,16.64678000
5,16.64778000
3,16.64923000
5,16.65170000
7,16.66162000
5,16.66162000
3,16.66162000
3,16.66190000
3,16.66379000
5,16.66460000
7,16.66460000
5,16.66613000
3,16.66676000
7,16.71791000
5,16.71849000
5,16.72160000
7,16.72785000
5,16.72785000
3,16.72785000
3,16.72785000
3,16.72810000
5,16.73000000
7,16.73000000
5,16.73090000
3,16.73131000
7,16.76597000
5,16.76597000
5,16.76910000
7,16.77304000
5,16.77304000
3,16.77304000
3,16.77304000
3,16.77320000
5,16.77550000
3,16.77568000
5,16.77560000
7,16.77560000
7,16.80014000
7,16.80503000
5,16.80503000
3,16.80503000
3,16.80503000
3,16.80510000
5,16.80734000
3,16.80757000
5,16.80790000
7,16.80790000
5,16.82239000
3,16.82239000
1,16.82239000
7,16.82488000
5,16.82750000
7,16.82867000
5,16.82867000
3,16.82867000
3,16.82867000
3,16.82910000
3,16.83107000
5,16.83121000
5,16.83150000
7,16.83150000
7,16.84358000
7,16.84653000
5,16.84653000
3,16.84653000
3,16.84653000
3,16.84780000
3,16.84907000
5,16.84934000
5,16.84970000
7,16.84970000
7,16.86016000
5,16.86016000
3,16.86016000
3,16.86016000
5,16.86321000
3,16.86330000
7,16.87069000
5,16.87069000
3,16.87069000
3,16.87069000
3,16.87240000
5,16.87426000
7,16.87907000
5,16.87907000
3,16.87907000
3,16.87907000
5,16.88311000
7,16.88595000
5,16.88595000
3,16.88595000
3,16.88595000
5,16.89188000
5,16.90000000
3,16.90000000
3,16.90560000
5,17.10090000
5,17.10319000
3,17.10319000
1,17.10319000
7,17.10517000
5,17.10517000
3,17.10517000
3,17.10750000
5,17.68641000
3,17.68641000
1,17.68641000
3,17.69790000
5,17.77430000
5,17.77480000
3,17.77480000
1,17.77480000
7,17.77480000
5,17.77480000
3,17.77480000
3,17.77740000
5,18.04175000
3,18.04175000
1,18.04175000
3,18.05500000
5,18.08530000
5,18.08564000
3,18.08564000
1,18.08564000
7,18.08564000
5,18.08564000
3,18.08564000
3,18.08770000
5,18.22924000
3,18.22924000
1,18.22924000
3,18.23270000
5,18.25410000
5,18.25421000
3,18.25421000
1,18.25421000
7,18.25421000
5,18.25421000
3,18.25421000
3,18.25500000
5,18.33988000
3,18.33988000
1,18.33988000
3,18.34250000
5,18.35520000
5,18.35558000
3,18.35558000
1,18.35558000
7,18.35558000
5,18.35558000
3,18.35558000
3,18.35690000
5,18.41110000
3,18.41110000
1,18.41110000
3,18.41230000
5,18.42119000
3,18.42119000
1,18.42119000
7,18.42119000
5,18.42119000
3,18.42119000
5,18.42130000
3,18.42180000
5,18.45913000
3,18.45913000
1,18.45913000
3,18.46010000
5,18.46630000
5,18.46688000
3,18.46688000
1,18.46688000
7,18.46688000
5,18.46688000
3,18.46688000
3,18.46700000
5,18.49337000
3,18.49337000
1,18.49337000
3,18.49450000
5,18.49852000
3,18.49852000
1,18.49852000
7,18.49852000
5,18.49852000
3,18.49852000
5,18.49880000
5,18.51821000
3,18.51821000
1,18.51821000
5,18.52207000
3,18.52207000
1,18.52207000
7,18.52207000
5,18.52207000
3,18.52207000
5,18.52220000
5,18.53742000
3,18.53742000
1,18.53742000
5,18.54052000
3,18.54052000
1,18.54052000
7,18.54052000
5,18.54052000
3,18.54052000
5,18.55198000
3,18.55198000
1,18.55198000
5,18.55451000
3,18.55451000
1,18.55451000
7,18.55451000
5,18.55451000
3,18.55451000
5,18.56600000
3,18.56600000
1,18.56600000
7,18.56600000
5,18.56600000
3,18.56600000
5,18.57477000
3,18.57477000
1,18.57477000
7,18.57477000
5,18.57477000
3,18.57477000
5,18.58817000
3,18.58817000
1,18.58817000
7,18.58817000
5,18.58817000
3,18.58817000
5,18.59286000
3,18.59286000
1,18.59286000
7,18.59286000
5,18.59286000
3,18.59286000
5,18.59773000
3,18.59773000
1,18.59773000
7,18.59773000
5,18.59773000
3,18.59773000
